Longitude (x),Latitude (y),Station Name,Climate ID,Date/Time,Year,Month,Day,Data Quality,Max Temp (°C),Max Temp Flag,Min Temp (°C),Min Temp Flag,Mean Temp (°C),Mean Temp Flag,Heat Deg Days (°C),Heat Deg Days Flag,Cool Deg Days (°C),Cool Deg Days Flag,Total Rain (mm),Total Rain Flag,Total Snow (cm),Total Snow Flag,Total Precip (mm),Total Precip Flag,Snow on Grnd (cm),Snow on Grnd Flag,Dir of Max Gust (10s deg),Dir of Max Gust Flag,Spd of Max Gust (km/h),Spd of Max Gust Flag
-66.09,43.83,YARMOUTH A,8206496,2019-01-01,2019,1,1,,7.5,,-2.9,,2.3,,15.7,,0,,,,,,,M,,,34,,65,
-66.09,43.83,YARMOUTH A,8206496,2019-01-02,2019,1,2,,-2.9,,-11.3,,-7.1,,25.1,,0,,,,,,,M,,,35,,59,
-66.09,43.83,YARMOUTH A,8206496,2019-01-03,2019,1,3,,-2.8,,-8.6,,-5.7,,23.7,,0,,,,,,,M,,,10,,33,
-66.09,43.83,YARMOUTH A,8206496,2019-01-04,2019,1,4,,4.2,,-4,,0.1,,17.9,,0,,,,,,,M,,,,,,
-66.09,43.83,YARMOUTH A,8206496,2019-01-05,2019,1,5,,4,,-0.7,,1.7,,16.3,,0,,,,,,,M,,,,,,
-66.09,43.83,YARMOUTH A,8206496,2019-01-06,2019,1,6,,2.8,,-3.8,,-0.5,,18.5,,0,,,,,,,M,,,33,,53,
-66.09,43.83,YARMOUTH A,8206496,2019-01-07,2019,1,7,,-3.8,,-10.9,,-7.4,,25.4,,0,,,,,,,M,,,33,,54,
-66.09,43.83,YARMOUTH A,8206496,2019-01-08,2019,1,8,,2.9,,-10.5,,-3.8,,21.8,,0,,,,,,,M,,,12,,45,
-66.09,43.83,YARMOUTH A,8206496,2019-01-09,2019,1,9,,6.8,,0.3,,3.6,,14.4,,0,,,,,,,M,,,27,,53,
-66.09,43.83,YARMOUTH A,8206496,2019-01-10,2019,1,10,,2.1,,-2.4,,-0.2,,18.2,,0,,,,,,,M,,,27,,49,
-66.09,43.83,YARMOUTH A,8206496,2019-01-11,2019,1,11,,-1.7,,-9.6,,-5.7,,23.7,,0,,,,,,,M,,,31,,40,
-66.09,43.83,YARMOUTH A,8206496,2019-01-12,2019,1,12,,-6.6,,-9.7,,-8.2,,26.2,,0,,,,,,,M,,,31,,45,
-66.09,43.83,YARMOUTH A,8206496,2019-01-13,2019,1,13,,-4.8,,-10.8,,-7.8,,25.8,,0,,,,,,,M,,,34,,32,
-66.09,43.83,YARMOUTH A,8206496,2019-01-14,2019,1,14,,-3.2,,-14.7,,-9,,27,,0,,,,,,,M,,,,,,
-66.09,43.83,YARMOUTH A,8206496,2019-01-15,2019,1,15,,-1.5,,-10.7,,-6.1,,24.1,,0,,,,,,,M,,,31,,39,
-66.09,43.83,YARMOUTH A,8206496,2019-01-16,2019,1,16,,2.5,,-7.6,,-2.6,,20.6,,0,,,,,,,M,,,31,,45,
-66.09,43.83,YARMOUTH A,8206496,2019-01-17,2019,1,17,,0.1,,-12.8,,-6.4,,24.4,,0,,,,,,,M,,,31,,45,
-66.09,43.83,YARMOUTH A,8206496,2019-01-18,2019,1,18,,0.1,,-10.3,,-5.1,,23.1,,0,,,,,,,M,,,12,,31,
-66.09,43.83,YARMOUTH A,8206496,2019-01-19,2019,1,19,,0.9,,-9.8,,-4.5,,22.5,,0,,,,,,,M,,,34,,50,
-66.09,43.83,YARMOUTH A,8206496,2019-01-20,2019,1,20,,10,,-8.1,,1,,17,,0,,,,,,,M,,,17,,76,
-66.09,43.83,YARMOUTH A,8206496,2019-01-21,2019,1,21,,2,,-11.3,,-4.7,,22.7,,0,,,,,,,M,,,28,,41,
-66.09,43.83,YARMOUTH A,8206496,2019-01-22,2019,1,22,,-5.2,,-11.5,,-8.4,,26.4,,0,,,,,,,M,,,33,,62,
-66.09,43.83,YARMOUTH A,8206496,2019-01-23,2019,1,23,,6.3,,-9.2,,-1.5,,19.5,,0,,,,,,,M,,,21,,41,
-66.09,43.83,YARMOUTH A,8206496,2019-01-24,2019,1,24,,8.9,,5.7,,7.3,,10.7,,0,,,,,,,M,,,18,,82,
-66.09,43.83,YARMOUTH A,8206496,2019-01-25,2019,1,25,,5.8,,0.2,,3,,15,,0,,,,,,,M,,,31,,40,
-66.09,43.83,YARMOUTH A,8206496,2019-01-26,2019,1,26,,1.6,,-4.6,,-1.5,,19.5,,0,,,,,,,M,,,24,,41,
-66.09,43.83,YARMOUTH A,8206496,2019-01-27,2019,1,27,,3.9,,-4.6,,-0.4,,18.4,,0,,,,,,,M,,,14,,34,
-66.09,43.83,YARMOUTH A,8206496,2019-01-28,2019,1,28,,4.4,,-7.3,,-1.5,,19.5,,0,,,,,,,M,,,35,,49,
-66.09,43.83,YARMOUTH A,8206496,2019-01-29,2019,1,29,,-1,,-10.1,,-5.6,,23.6,,0,,,,,,,M,,,,,,
-66.09,43.83,YARMOUTH A,8206496,2019-01-30,2019,1,30,,,M,,M,,M,,M,,M,,,,,,M,,,,M,,M
-66.09,43.83,YARMOUTH A,8206496,2019-01-31,2019,1,31,,-0.6,,-10.1,,-5.4,,23.4,,0,,,,,,,M,,,26,,65,
-66.09,43.83,YARMOUTH A,8206496,2019-02-01,2019,2,1,,-5.1,,-8.8,,-7,,25,,0,,,,,,,M,,,28,,53,
-66.09,43.83,YARMOUTH A,8206496,2019-02-02,2019,2,2,,-1.8,,-8.5,,-5.2,,23.2,,0,,,,,,,M,,,33,,60,
-66.09,43.83,YARMOUTH A,8206496,2019-02-03,2019,2,3,,-2.7,,-7.5,,-5.1,,23.1,,0,,,,,,,M,,,34,,40,
-66.09,43.83,YARMOUTH A,8206496,2019-02-04,2019,2,4,,4.9,,-4,,0.5,,17.5,,0,,,,,,,M,,,18,,31,
-66.09,43.83,YARMOUTH A,8206496,2019-02-05,2019,2,5,,9.5,,-0.3,,4.6,,13.4,,0,,,,,,,M,,,21,,45,
-66.09,43.83,YARMOUTH A,8206496,2019-02-06,2019,2,6,,2.1,,-3.3,,-0.6,,18.6,,0,,,,,,,M,,,35,,37,
-66.09,43.83,YARMOUTH A,8206496,2019-02-07,2019,2,7,,1.3,,-2.3,,-0.5,,18.5,,0,,,,,,,M,,,10,,34,
-66.09,43.83,YARMOUTH A,8206496,2019-02-08,2019,2,8,,5.7,,0.1,,2.9,,15.1,,0,,,,,,,M,,,30,,52,
-66.09,43.83,YARMOUTH A,8206496,2019-02-09,2019,2,9,,0.1,,-6.5,,-3.2,,21.2,,0,,,,,,,M,,,32,,74,
-66.09,43.83,YARMOUTH A,8206496,2019-02-10,2019,2,10,,-3,,-6,,-4.5,,22.5,,0,,,,,,,M,,,32,,60,
-66.09,43.83,YARMOUTH A,8206496,2019-02-11,2019,2,11,,-4.6,,-9.6,,-7.1,,25.1,,0,,,,,,,M,,,32,,57,
-66.09,43.83,YARMOUTH A,8206496,2019-02-12,2019,2,12,,1.2,,-12.2,,-5.5,,23.5,,0,,,,,,,M,,,11,,32,
-66.09,43.83,YARMOUTH A,8206496,2019-02-13,2019,2,13,,4.1,,-2.7,,0.7,,17.3,,0,,,,,,,M,,,12,,77,
-66.09,43.83,YARMOUTH A,8206496,2019-02-14,2019,2,14,,0,,-3.6,,-1.8,,19.8,,0,,,,,,,M,,,28,,48,
-66.09,43.83,YARMOUTH A,8206496,2019-02-15,2019,2,15,,7.6,,-7.2,,0.2,,17.8,,0,,,,,,,M,,,18,,67,
-66.09,43.83,YARMOUTH A,8206496,2019-02-16,2019,2,16,,7.8,,-1.7,,3.1,,14.9,,0,,,,,,,M,,,25,,53,
-66.09,43.83,YARMOUTH A,8206496,2019-02-17,2019,2,17,,-1.5,,-8.3,,-4.9,,22.9,,0,,,,,,,M,,,35,,41,
-66.09,43.83,YARMOUTH A,8206496,2019-02-18,2019,2,18,,-4.2,,-8.1,,-6.2,,24.2,,0,,,,,,,M,,,33,,59,
-66.09,43.83,YARMOUTH A,8206496,2019-02-19,2019,2,19,,-6,,-9.8,,-7.9,,25.9,,0,,,,,,,M,,,34,,62,
-66.09,43.83,YARMOUTH A,8206496,2019-02-20,2019,2,20,,-4.3,,-10,,-7.2,,25.2,,0,,,,,,,M,,,33,,56,
-66.09,43.83,YARMOUTH A,8206496,2019-02-21,2019,2,21,,2.8,,-6.7,,-2,,20,,0,,,,,,,M,,,30,,46,
-66.09,43.83,YARMOUTH A,8206496,2019-02-22,2019,2,22,,1.2,,-6.1,,-2.5,,20.5,,0,,,,,,,M,,,34,,53,
-66.09,43.83,YARMOUTH A,8206496,2019-02-23,2019,2,23,,-0.6,,-7,,-3.8,,21.8,,0,,,,,,,M,,,32,,33,
-66.09,43.83,YARMOUTH A,8206496,2019-02-24,2019,2,24,,4.4,,-8.6,,-2.1,,20.1,,0,,,,,,,M,,,12,,79,
-66.09,43.83,YARMOUTH A,8206496,2019-02-25,2019,2,25,,3.8,,-6.3,,-1.3,,19.3,,0,,,,,,,M,,,31,,78,
-66.09,43.83,YARMOUTH A,8206496,2019-02-26,2019,2,26,,-6.2,,-12.3,,-9.3,,27.3,,0,,,,,,,M,,,31,,85,
-66.09,43.83,YARMOUTH A,8206496,2019-02-27,2019,2,27,,-6.9,,-13.2,,-10.1,,28.1,,0,,,,,,,M,,,32,,70,
-66.09,43.83,YARMOUTH A,8206496,2019-02-28,2019,2,28,,-4.7,,-11.3,,-8,,26,,0,,,,,,,M,,,34,,41,
-66.09,43.83,YARMOUTH A,8206496,2019-03-01,2019,3,1,,-0.6,,-9.8,,-5.2,,23.2,,0,,,,,,,M,,,,,,
-66.09,43.83,YARMOUTH A,8206496,2019-03-02,2019,3,2,,-1.6,,-4.7,,-3.2,,21.2,,0,,,,,,,M,,,4,,35,
-66.09,43.83,YARMOUTH A,8206496,2019-03-03,2019,3,3,,-0.5,,-5.4,,-3,,21,,0,,,,,,,M,,,,,,
-66.09,43.83,YARMOUTH A,8206496,2019-03-04,2019,3,4,,0.8,,-2.8,,-1,,19,,0,,,,,,,M,,,10,,70,
-66.09,43.83,YARMOUTH A,8206496,2019-03-05,2019,3,5,,-0.9,,-5.4,,-3.2,,21.2,,0,,,,,,,M,,,28,,48,
-66.09,43.83,YARMOUTH A,8206496,2019-03-06,2019,3,6,,-4.6,,-9.2,,-6.9,,24.9,,0,,,,,,,M,,,30,,46,
-66.09,43.83,YARMOUTH A,8206496,2019-03-07,2019,3,7,,-6.5,,-9.7,,-8.1,,26.1,,0,,,,,,,M,,,32,,45,
-66.09,43.83,YARMOUTH A,8206496,2019-03-08,2019,3,8,,0.4,,-9,,-4.3,,22.3,,0,,,,,,,M,,,24,,42,
-66.09,43.83,YARMOUTH A,8206496,2019-03-09,2019,3,9,,1.5,,-8.6,,-3.6,,21.6,,0,,,,,,,M,,,36,,45,
-66.09,43.83,YARMOUTH A,8206496,2019-03-10,2019,3,10,,5.5,,-11.7,,-3.1,,21.1,,0,,,,,,,M,,,14,,66,
-66.09,43.83,YARMOUTH A,8206496,2019-03-11,2019,3,11,,5,,1.7,,3.4,,14.6,,0,,,,,,,M,,,26,,44,
-66.09,43.83,YARMOUTH A,8206496,2019-03-12,2019,3,12,,2,,-3.6,,-0.8,,18.8,,0,,,,,,,M,,,30,,37,
-66.09,43.83,YARMOUTH A,8206496,2019-03-13,2019,3,13,,1.8,,-5.1,,-1.7,,19.7,,0,,,,,,,M,,,,,,
-66.09,43.83,YARMOUTH A,8206496,2019-03-14,2019,3,14,,4.4,,-1.2,,1.6,,16.4,,0,,,,,,,M,,,,,,
-66.09,43.83,YARMOUTH A,8206496,2019-03-15,2019,3,15,,7.7,,0.7,,4.2,,13.8,,0,,,,,,,M,,,21,,53,
-66.09,43.83,YARMOUTH A,8206496,2019-03-16,2019,3,16,,7.1,,-0.9,,3.1,,14.9,,0,,,,,,,M,,,25,,46,
-66.09,43.83,YARMOUTH A,8206496,2019-03-17,2019,3,17,,1.6,,-3.7,,-1.1,,19.1,,0,,,,,,,M,,,31,,48,
-66.09,43.83,YARMOUTH A,8206496,2019-03-18,2019,3,18,,1.3,,-4.2,,-1.5,,19.5,,0,,,,,,,M,,,29,,43,
-66.09,43.83,YARMOUTH A,8206496,2019-03-19,2019,3,19,,1.2,,-6.2,,-2.5,,20.5,,0,,,,,,,M,,,31,,31,
-66.09,43.83,YARMOUTH A,8206496,2019-03-20,2019,3,20,,2.3,,-4.5,,-1.1,,19.1,,0,,,,,,,M,,,,,,
-66.09,43.83,YARMOUTH A,8206496,2019-03-21,2019,3,21,,5.4,,-4,,0.7,,17.3,,0,,,,,,,M,,,19,,34,
-66.09,43.83,YARMOUTH A,8206496,2019-03-22,2019,3,22,,9.5,,1.3,,5.4,,12.6,,0,,,,,,,M,,,13,,56,
-66.09,43.83,YARMOUTH A,8206496,2019-03-23,2019,3,23,,4.2,,1.4,,2.8,,15.2,,0,,,,,,,M,,,28,,51,
-66.09,43.83,YARMOUTH A,8206496,2019-03-24,2019,3,24,,5.5,,0.2,,2.9,,15.1,,0,,,,,,,M,,,31,,41,
-66.09,43.83,YARMOUTH A,8206496,2019-03-25,2019,3,25,,3.5,,-2.7,,0.4,,17.6,,0,,,,,,,M,,,29,,36,
-66.09,43.83,YARMOUTH A,8206496,2019-03-26,2019,3,26,,1.9,,-5.8,,-2,,20,,0,,,,,,,M,,,34,,38,
-66.09,43.83,YARMOUTH A,8206496,2019-03-27,2019,3,27,,2.2,,-6.9,,-2.4,,20.4,,0,,,,,,,M,,,31,,36,
-66.09,43.83,YARMOUTH A,8206496,2019-03-28,2019,3,28,,3.3,,-3.7,,-0.2,,18.2,,0,,,,,,,M,,,20,,42,
-66.09,43.83,YARMOUTH A,8206496,2019-03-29,2019,3,29,,8.8,,2.7,,5.8,,12.2,,0,,,,,,,M,,,20,,36,
-66.09,43.83,YARMOUTH A,8206496,2019-03-30,2019,3,30,,12.4,,4.3,,8.4,,9.6,,0,,,,,,,M,,,,,,
-66.09,43.83,YARMOUTH A,8206496,2019-03-31,2019,3,31,,14.2,,6.6,,10.4,,7.6,,0,,,,,,,M,,,17,,45,
-66.09,43.83,YARMOUTH A,8206496,2019-04-01,2019,4,1,,6.6,,-0.4,,3.1,,14.9,,0,,,,,,,M,,,29,,56,
-66.09,43.83,YARMOUTH A,8206496,2019-04-02,2019,4,2,,6.1,,-0.2,,3,,15,,0,,,,,,,M,,,18,,39,
-66.09,43.83,YARMOUTH A,8206496,2019-04-03,2019,4,3,,10.6,,1.5,,6.1,,11.9,,0,,,,,,,M,,,33,,77,
-66.09,43.83,YARMOUTH A,8206496,2019-04-04,2019,4,4,,3.9,,-0.4,,1.8,,16.2,,0,,,,,,,M,,,29,,75,
-66.09,43.83,YARMOUTH A,8206496,2019-04-05,2019,4,5,,3.2,,-1.6,,0.8,,17.2,,0,,,,,,,M,,,31,,43,
-66.09,43.83,YARMOUTH A,8206496,2019-04-06,2019,4,6,,5.6,,0.4,,3,,15,,0,,,,,,,M,,,25,,36,
-66.09,43.83,YARMOUTH A,8206496,2019-04-07,2019,4,7,,8.2,,1.3,,4.8,,13.2,,0,,,,,,,M,,,27,,36,
-66.09,43.83,YARMOUTH A,8206496,2019-04-08,2019,4,8,,2.4,,-3.1,,-0.4,,18.4,,0,,,,,,,M,,,11,,52,
-66.09,43.83,YARMOUTH A,8206496,2019-04-09,2019,4,9,,0.8,,-1.4,,-0.3,,18.3,,0,,,,,,,M,,,,,,
-66.09,43.83,YARMOUTH A,8206496,2019-04-10,2019,4,10,,4,,-1.2,,1.4,,16.6,,0,,,,,,,M,,,34,,31,
-66.09,43.83,YARMOUTH A,8206496,2019-04-11,2019,4,11,,6.8,,0.7,,3.8,,14.2,,0,,,,,,,M,,,31,,36,
-66.09,43.83,YARMOUTH A,8206496,2019-04-12,2019,4,12,,9.5,,1.2,,5.4,,12.6,,0,,,,,,,M,,,19,,31,
-66.09,43.83,YARMOUTH A,8206496,2019-04-13,2019,4,13,,9,,5.1,,7.1,,10.9,,0,,,,,,,M,,,23,,43,
-66.09,43.83,YARMOUTH A,8206496,2019-04-14,2019,4,14,,14.9,,3.6,,9.3,,8.7,,0,,,,,,,M,,,,,,
-66.09,43.83,YARMOUTH A,8206496,2019-04-15,2019,4,15,,11.8,,4.1,,8,,10,,0,,,,,,,M,,,21,,55,
-66.09,43.83,YARMOUTH A,8206496,2019-04-16,2019,4,16,,7.3,,2.4,,4.9,,13.1,,0,,,,,,,M,,,29,,70,
-66.09,43.83,YARMOUTH A,8206496,2019-04-17,2019,4,17,,7.1,,-0.2,,3.5,,14.5,,0,,,,,,,M,,,35,,44,
-66.09,43.83,YARMOUTH A,8206496,2019-04-18,2019,4,18,,10.6,,-3,,3.8,,14.2,,0,,,,,,,M,,,18,,48,
-66.09,43.83,YARMOUTH A,8206496,2019-04-19,2019,4,19,,13.4,,5.9,,9.7,,8.3,,0,,,,,,,M,,,20,,63,
-66.09,43.83,YARMOUTH A,8206496,2019-04-20,2019,4,20,,15.1,,8.9,,12,,6,,0,,,,,,,M,,,22,,54,
-66.09,43.83,YARMOUTH A,8206496,2019-04-21,2019,4,21,,14.4,,8.6,,11.5,,6.5,,0,,,,,,,M,,,18,,57,
-66.09,43.83,YARMOUTH A,8206496,2019-04-22,2019,4,22,,15.9,,9.4,,12.7,,5.3,,0,,,,,,,M,,,,,,
-66.09,43.83,YARMOUTH A,8206496,2019-04-23,2019,4,23,,11.6,,4.6,,8.1,,9.9,,0,,,,,,,M,,,,,,
-66.09,43.83,YARMOUTH A,8206496,2019-04-24,2019,4,24,,7.2,,2.8,,5,,13,,0,,,,,,,M,,,33,,44,
-66.09,43.83,YARMOUTH A,8206496,2019-04-25,2019,4,25,,6.6,,0.3,,3.5,,14.5,,0,,,,,,,M,,,32,,43,
-66.09,43.83,YARMOUTH A,8206496,2019-04-26,2019,4,26,,9.1,,-1.9,,3.6,,14.4,,0,,,,,,,M,,,10,,44,
-66.09,43.83,YARMOUTH A,8206496,2019-04-27,2019,4,27,,15,,4,,9.5,,8.5,,0,,,,,,,M,,,14,,61,
-66.09,43.83,YARMOUTH A,8206496,2019-04-28,2019,4,28,,8.2,,3.9,,6.1,,11.9,,0,,,,,,,M,,,28,,39,
-66.09,43.83,YARMOUTH A,8206496,2019-04-29,2019,4,29,,8.1,,2.8,,5.5,,12.5,,0,,,,,,,M,,,31,,54,
-66.09,43.83,YARMOUTH A,8206496,2019-04-30,2019,4,30,,7.6,,4,,5.8,,12.2,,0,,,,,,,M,,,29,,40,
-66.09,43.83,YARMOUTH A,8206496,2019-05-01,2019,5,1,,8.5,,2.5,,5.5,,12.5,,0,,,,,,,M,,,34,,44,
-66.09,43.83,YARMOUTH A,8206496,2019-05-02,2019,5,2,,8,,1.9,,5,,13,,0,,,,,,,M,,,,,,
-66.09,43.83,YARMOUTH A,8206496,2019-05-03,2019,5,3,,11.3,,2.8,,7.1,,10.9,,0,,,,,,,M,,,,,,
-66.09,43.83,YARMOUTH A,8206496,2019-05-04,2019,5,4,,11.2,,5.1,,8.2,,9.8,,0,,,,,,,M,,,,,,
-66.09,43.83,YARMOUTH A,8206496,2019-05-05,2019,5,5,,14.8,,5.4,,10.1,,7.9,,0,,,,,,,M,,,,,,
-66.09,43.83,YARMOUTH A,8206496,2019-05-06,2019,5,6,,16,,4.1,,10.1,,7.9,,0,,,,,,,M,,,7,,36,
-66.09,43.83,YARMOUTH A,8206496,2019-05-07,2019,5,7,,14.3,,2.3,,8.3,,9.7,,0,,,,,,,M,,,,,,
-66.09,43.83,YARMOUTH A,8206496,2019-05-08,2019,5,8,,9.7,,4.3,,7,,11,,0,,,,,,,M,,,34,,41,
-66.09,43.83,YARMOUTH A,8206496,2019-05-09,2019,5,9,,10.7,,3.1,,6.9,,11.1,,0,,,,,,,M,,,34,,45,
-66.09,43.83,YARMOUTH A,8206496,2019-05-10,2019,5,10,,8.1,,2.7,,5.4,,12.6,,0,,,,,,,M,,,15,,41,
-66.09,43.83,YARMOUTH A,8206496,2019-05-11,2019,5,11,,12.7,,6.1,,9.4,,8.6,,0,,,,,,,M,,,33,,44,
-66.09,43.83,YARMOUTH A,8206496,2019-05-12,2019,5,12,,10.9,,5.2,,8.1,,9.9,,0,,,,,,,M,,,33,,45,
-66.09,43.83,YARMOUTH A,8206496,2019-05-13,2019,5,13,,11.7,,4.3,,8,,10,,0,,,,,,,M,,,9,,48,
-66.09,43.83,YARMOUTH A,8206496,2019-05-14,2019,5,14,,6.7,,3.7,,5.2,,12.8,,0,,,,,,,M,,,7,,50,
-66.09,43.83,YARMOUTH A,8206496,2019-05-15,2019,5,15,,7.8,,4,,5.9,,12.1,,0,,,,,,,M,,,33,,39,
-66.09,43.83,YARMOUTH A,8206496,2019-05-16,2019,5,16,,9.9,,3.9,,6.9,,11.1,,0,,,,,,,M,,,,,,
-66.09,43.83,YARMOUTH A,8206496,2019-05-17,2019,5,17,,12.3,,3.1,,7.7,,10.3,,0,,,,,,,M,,,,,,
-66.09,43.83,YARMOUTH A,8206496,2019-05-18,2019,5,18,,12.8,,4.6,,8.7,,9.3,,0,,,,,,,M,,,1,,42,
-66.09,43.83,YARMOUTH A,8206496,2019-05-19,2019,5,19,,12.6,,4.7,,8.7,,9.3,,0,,,,,,,M,,,19,,32,
-66.09,43.83,YARMOUTH A,8206496,2019-05-20,2019,5,20,,11.9,,8.1,,10,,8,,0,,,,,,,M,,,20,,52,
-66.09,43.83,YARMOUTH A,8206496,2019-05-21,2019,5,21,,14.1,,5.5,,9.8,,8.2,,0,,,,,,,M,,,34,,51,
-66.09,43.83,YARMOUTH A,8206496,2019-05-22,2019,5,22,,13.2,,3.8,,8.5,,9.5,,0,,,,,,,M,,,35,,51,
-66.09,43.83,YARMOUTH A,8206496,2019-05-23,2019,5,23,,13,,3.6,,8.3,,9.7,,0,,,,,,,M,,,19,,35,
-66.09,43.83,YARMOUTH A,8206496,2019-05-24,2019,5,24,,10.3,,4.4,,7.4,,10.6,,0,,,,,,,M,,,14,,48,
-66.09,43.83,YARMOUTH A,8206496,2019-05-25,2019,5,25,,17.9,,3.8,,10.9,,7.1,,0,,,,,,,M,,,,,,
-66.09,43.83,YARMOUTH A,8206496,2019-05-26,2019,5,26,,11.6,,7.5,,9.6,,8.4,,0,,,,,,,M,,,15,,42,
-66.09,43.83,YARMOUTH A,8206496,2019-05-27,2019,5,27,,12.2,,6.1,,9.2,,8.8,,0,,,,,,,M,,,,,,
-66.09,43.83,YARMOUTH A,8206496,2019-05-28,2019,5,28,,12.5,,4.9,,8.7,,9.3,,0,,,,,,,M,,,,,,
-66.09,43.83,YARMOUTH A,8206496,2019-05-29,2019,5,29,,11.7,,4.9,,8.3,,9.7,,0,,,,,,,M,,,9,,34,
-66.09,43.83,YARMOUTH A,8206496,2019-05-30,2019,5,30,,13.3,,7,,10.2,,7.8,,0,,,,,,,M,,,,,,
-66.09,43.83,YARMOUTH A,8206496,2019-05-31,2019,5,31,,12.8,,4.5,,8.7,,9.3,,0,,,,,,,M,,,,,,
-66.09,43.83,YARMOUTH A,8206496,2019-06-01,2019,6,1,,17,,3.7,,10.4,,7.6,,0,,,,,,,M,,,,,,
-66.09,43.83,YARMOUTH A,8206496,2019-06-02,2019,6,2,,14.4,,8.2,,11.3,,6.7,,0,,,,,,,M,,,9,,37,
-66.09,43.83,YARMOUTH A,8206496,2019-06-03,2019,6,3,,11.8,,7.4,,9.6,,8.4,,0,,,,,,,M,,,18,,35,
-66.09,43.83,YARMOUTH A,8206496,2019-06-04,2019,6,4,,13.7,,6.3,,10,,8,,0,,,,,,,M,,,26,,41,
-66.09,43.83,YARMOUTH A,8206496,2019-06-05,2019,6,5,,13.3,,9,,11.2,,6.8,,0,,,,,,,M,,,21,,36,
-66.09,43.83,YARMOUTH A,8206496,2019-06-06,2019,6,6,,14.4,,7.9,,11.2,,6.8,,0,,,,,,,M,,,22,,50,
-66.09,43.83,YARMOUTH A,8206496,2019-06-07,2019,6,7,,18,,6.4,,12.2,,5.8,,0,,,,,,,M,,,14,,33,
-66.09,43.83,YARMOUTH A,8206496,2019-06-08,2019,6,8,,17.6,,7.2,,12.4,,5.6,,0,,,,,,,M,,,36,,37,
-66.09,43.83,YARMOUTH A,8206496,2019-06-09,2019,6,9,,20.3,,7.3,,13.8,,4.2,,0,,,,,,,M,,,,,,
-66.09,43.83,YARMOUTH A,8206496,2019-06-10,2019,6,10,,17,,10.3,,13.7,,4.3,,0,,,,,,,M,,,24,,37,
-66.09,43.83,YARMOUTH A,8206496,2019-06-11,2019,6,11,,19.6,,9.6,,14.6,,3.4,,0,,,,,,,M,,,17,,47,
-66.09,43.83,YARMOUTH A,8206496,2019-06-12,2019,6,12,,16.3,,8.8,,12.6,,5.4,,0,,,,,,,M,,,33,,42,
-66.09,43.83,YARMOUTH A,8206496,2019-06-13,2019,6,13,,17.9,,6.2,,12.1,,5.9,,0,,,,,,,M,,,14,,49,
-66.09,43.83,YARMOUTH A,8206496,2019-06-14,2019,6,14,,16.1,,9.5,,12.8,,5.2,,0,,,,,,,M,,,,,,
-66.09,43.83,YARMOUTH A,8206496,2019-06-15,2019,6,15,,19,,8.1,,13.6,,4.4,,0,,,,,,,M,,,20,,44,
-66.09,43.83,YARMOUTH A,8206496,2019-06-16,2019,6,16,,13.6,,11.1,,12.4,,5.6,,0,,,,,,,M,,,22,,40,
-66.09,43.83,YARMOUTH A,8206496,2019-06-17,2019,6,17,,17.7,,9.6,,13.7,,4.3,,0,,,,,,,M,,,31,,32,
-66.09,43.83,YARMOUTH A,8206496,2019-06-18,2019,6,18,,19.9,,8.3,,14.1,,3.9,,0,,,,,,,M,,,,,,
-66.09,43.83,YARMOUTH A,8206496,2019-06-19,2019,6,19,,19.8,,11.3,,15.6,,2.4,,0,,,,,,,M,,,,,,
-66.09,43.83,YARMOUTH A,8206496,2019-06-20,2019,6,20,,20.2,,11.1,,15.7,,2.3,,0,,,,,,,M,,,,,,
-66.09,43.83,YARMOUTH A,8206496,2019-06-21,2019,6,21,,19,,11.5,,15.3,,2.7,,0,,,,,,,M,,,36,,42,
-66.09,43.83,YARMOUTH A,8206496,2019-06-22,2019,6,22,,17.8,,11,,14.4,,3.6,,0,,,,,,,M,,,34,,42,
-66.09,43.83,YARMOUTH A,8206496,2019-06-23,2019,6,23,,18.8,,11.1,,15,,3,,0,,,,,,,M,,,31,,40,
-66.09,43.83,YARMOUTH A,8206496,2019-06-24,2019,6,24,,19.4,,8,,13.7,,4.3,,0,,,,,,,M,,,33,,36,
-66.09,43.83,YARMOUTH A,8206496,2019-06-25,2019,6,25,,22.3,,9,,15.7,,2.3,,0,,,,,,,M,,,,,,
-66.09,43.83,YARMOUTH A,8206496,2019-06-26,2019,6,26,,19.2,,14.1,,16.7,,1.3,,0,,,,,,,M,,,14,,39,
-66.09,43.83,YARMOUTH A,8206496,2019-06-27,2019,6,27,,18.4,,13.4,,15.9,,2.1,,0,,,,,,,M,,,,,,
-66.09,43.83,YARMOUTH A,8206496,2019-06-28,2019,6,28,,19.1,,10.8,,15,,3,,0,,,,,,,M,,,,,,
-66.09,43.83,YARMOUTH A,8206496,2019-06-29,2019,6,29,,18.5,,10.5,,14.5,,3.5,,0,,,,,,,M,,,,,,
-66.09,43.83,YARMOUTH A,8206496,2019-06-30,2019,6,30,,18.8,,12,,15.4,,2.6,,0,,,,,,,M,,,1,,34,
-66.09,43.83,YARMOUTH A,8206496,2019-07-01,2019,7,1,,21.7,,10.8,,16.3,,1.7,,0,,,,,,,M,,,2,,54,
-66.09,43.83,YARMOUTH A,8206496,2019-07-02,2019,7,2,,20.5,,9.4,,15,,3,,0,,,,,,,M,,,,,,
-66.09,43.83,YARMOUTH A,8206496,2019-07-03,2019,7,3,,22.7,,10.2,,16.5,,1.5,,0,,,,,,,M,,,,,,
-66.09,43.83,YARMOUTH A,8206496,2019-07-04,2019,7,4,,23.5,,10.7,,17.1,,0.9,,0,,,,,,,M,,,,,,
-66.09,43.83,YARMOUTH A,8206496,2019-07-05,2019,7,5,,24.4,,14.3,,19.4,,0,,1.4,,,,,,,M,,,,,,
-66.09,43.83,YARMOUTH A,8206496,2019-07-06,2019,7,6,,20.6,,13.5,,17.1,,0.9,,0,,,,,,,M,,,23,,48,
-66.09,43.83,YARMOUTH A,8206496,2019-07-07,2019,7,7,,20.9,,10.2,,15.6,,2.4,,0,,,,,,,M,,,32,,36,
-66.09,43.83,YARMOUTH A,8206496,2019-07-08,2019,7,8,,23.1,,9.8,,16.5,,1.5,,0,,,,,,,M,,,,,,
-66.09,43.83,YARMOUTH A,8206496,2019-07-09,2019,7,9,,21.6,,11.1,,16.4,,1.6,,0,,,,,,,M,,,,,,
-66.09,43.83,YARMOUTH A,8206496,2019-07-10,2019,7,10,,24.4,,11.7,,18.1,,0,,0.1,,,,,,,M,,,35,,33,
-66.09,43.83,YARMOUTH A,8206496,2019-07-11,2019,7,11,,21.9,,12.8,,17.4,,0.6,,0,,,,,,,M,,,17,,35,
-66.09,43.83,YARMOUTH A,8206496,2019-07-12,2019,7,12,,19.4,,16.1,,17.8,,0.2,,0,,,,,,,M,,,14,,39,
-66.09,43.83,YARMOUTH A,8206496,2019-07-13,2019,7,13,,20,,13.6,,16.8,,1.2,,0,,,,,,,M,,,,,,
-66.09,43.83,YARMOUTH A,8206496,2019-07-14,2019,7,14,,21.3,,13,,17.2,,0.8,,0,,,,,,,M,,,,,,
-66.09,43.83,YARMOUTH A,8206496,2019-07-15,2019,7,15,,20.2,,13,,16.6,,1.4,,0,,,,,,,M,,,33,,32,
-66.09,43.83,YARMOUTH A,8206496,2019-07-16,2019,7,16,,24.1,,13.6,,18.9,,0,,0.9,,,,,,,M,,,,,,
-66.09,43.83,YARMOUTH A,8206496,2019-07-17,2019,7,17,,21.5,,15.3,,18.4,,0,,0.4,,,,,,,M,,,21,,35,
-66.09,43.83,YARMOUTH A,8206496,2019-07-18,2019,7,18,,23.9,,11.2,,17.6,,0.4,,0,,,,,,,M,,,,,,
-66.09,43.83,YARMOUTH A,8206496,2019-07-19,2019,7,19,,22.5,,10.3,,16.4,,1.6,,0,,,,,,,M,,,,,,
-66.09,43.83,YARMOUTH A,8206496,2019-07-20,2019,7,20,,25.4,,15.2,,20.3,,0,,2.3,,,,,,,M,,,30,,31,
-66.09,43.83,YARMOUTH A,8206496,2019-07-21,2019,7,21,,25.5,,15.5,,20.5,,0,,2.5,,,,,,,M,,,,,,
-66.09,43.83,YARMOUTH A,8206496,2019-07-22,2019,7,22,,23.8,,14.1,,19,,0,,1,,,,,,,M,,,,,,
-66.09,43.83,YARMOUTH A,8206496,2019-07-23,2019,7,23,,20.3,,13.4,,16.9,,1.1,,0,,,,,,,M,,,,,,
-66.09,43.83,YARMOUTH A,8206496,2019-07-24,2019,7,24,,21.3,,13.7,,17.5,,0.5,,0,,,,,,,M,,,,,,
-66.09,43.83,YARMOUTH A,8206496,2019-07-25,2019,7,25,,23.6,,13,,18.3,,0,,0.3,,,,,,,M,,,,,,
-66.09,43.83,YARMOUTH A,8206496,2019-07-26,2019,7,26,,23.7,,12.1,,17.9,,0.1,,0,,,,,,,M,,,,,,
-66.09,43.83,YARMOUTH A,8206496,2019-07-27,2019,7,27,,23.1,,11.6,,17.4,,0.6,,0,,,,,,,M,,,,,,
-66.09,43.83,YARMOUTH A,8206496,2019-07-28,2019,7,28,,23.3,,11.3,,17.3,,0.7,,0,,,,,,,M,,,19,,32,
-66.09,43.83,YARMOUTH A,8206496,2019-07-29,2019,7,29,,23.1,,15,,19.1,,0,,1.1,,,,,,,M,,,,,,
-66.09,43.83,YARMOUTH A,8206496,2019-07-30,2019,7,30,,22.2,,16.2,,19.2,,0,,1.2,,,,,,,M,,,,,,
-66.09,43.83,YARMOUTH A,8206496,2019-07-31,2019,7,31,,24.6,,15.8,,20.2,,0,,2.2,,,,,,,M,,,,,,
-66.09,43.83,YARMOUTH A,8206496,2019-08-01,2019,8,1,,23.7,,15.3,,19.5,,0,,1.5,,,,,,,M,,,,,,
-66.09,43.83,YARMOUTH A,8206496,2019-08-02,2019,8,2,,25.5,,12.1,,18.8,,0,,0.8,,,,,,,M,,,,,,
-66.09,43.83,YARMOUTH A,8206496,2019-08-03,2019,8,3,,24.2,,12,,18.1,,0,,0.1,,,,,,,M,,,24,,45,
-66.09,43.83,YARMOUTH A,8206496,2019-08-04,2019,8,4,,25.3,,12,,18.7,,0,,0.7,,,,,,,M,,,,,,
-66.09,43.83,YARMOUTH A,8206496,2019-08-05,2019,8,5,,19.5,,10.4,,15,,3,,0,,,,,,,M,,,28,,31,
-66.09,43.83,YARMOUTH A,8206496,2019-08-06,2019,8,6,,22.2,,10.9,,16.6,,1.4,,0,,,,,,,M,,,,,,
-66.09,43.83,YARMOUTH A,8206496,2019-08-07,2019,8,7,,23.8,,15.3,,19.6,,0,,1.6,,,,,,,M,,,,,,
-66.09,43.83,YARMOUTH A,8206496,2019-08-08,2019,8,8,,23.1,,15.3,,19.2,,0,,1.2,,,,,,,M,,,16,,51,
-66.09,43.83,YARMOUTH A,8206496,2019-08-09,2019,8,9,,21.2,,13.8,,17.5,,0.5,,0,,,,,,,M,,,23,,31,
-66.09,43.83,YARMOUTH A,8206496,2019-08-10,2019,8,10,,21.5,,12.5,,17,,1,,0,,,,,,,M,,,,,,
-66.09,43.83,YARMOUTH A,8206496,2019-08-11,2019,8,11,,19.3,,12.2,,15.8,,2.2,,0,,,,,,,M,,,27,,34,
-66.09,43.83,YARMOUTH A,8206496,2019-08-12,2019,8,12,,22.7,,14.5,,18.6,,0,,0.6,,,,,,,M,,,23,,32,
-66.09,43.83,YARMOUTH A,8206496,2019-08-13,2019,8,13,,20.3,,16.1,,18.2,,0,,0.2,,,,,,,M,,,24,,37,
-66.09,43.83,YARMOUTH A,8206496,2019-08-14,2019,8,14,,22.2,,12,,17.1,,0.9,,0,,,,,,,M,,,,,,
-66.09,43.83,YARMOUTH A,8206496,2019-08-15,2019,8,15,,20.9,,11.8,,16.4,,1.6,,0,,,,,,,M,,,,,,
-66.09,43.83,YARMOUTH A,8206496,2019-08-16,2019,8,16,,23.3,,12.2,,17.8,,0.2,,0,,,,,,,M,,,,,,
-66.09,43.83,YARMOUTH A,8206496,2019-08-17,2019,8,17,,23.9,,17.3,,20.6,,0,,2.6,,,,,,,M,,,17,,35,
-66.09,43.83,YARMOUTH A,8206496,2019-08-18,2019,8,18,,25.4,,17.7,,21.6,,0,,3.6,,,,,,,M,,,,,,
-66.09,43.83,YARMOUTH A,8206496,2019-08-19,2019,8,19,,20.5,,16.4,,18.5,,0,,0.5,,,,,,,M,,,23,,31,
-66.09,43.83,YARMOUTH A,8206496,2019-08-20,2019,8,20,,25,,12.9,,19,,0,,1,,,,,,,M,,,,,,
-66.09,43.83,YARMOUTH A,8206496,2019-08-21,2019,8,21,,24.5,,11.5,,18,,0,,0,,,,,,,M,,,,,,
-66.09,43.83,YARMOUTH A,8206496,2019-08-22,2019,8,22,,22.6,,17.6,,20.1,,0,,2.1,,,,,,,M,,,24,,36,
-66.09,43.83,YARMOUTH A,8206496,2019-08-23,2019,8,23,,21.3,,13.8,,17.6,,0.4,,0,,,,,,,M,,,,,,
-66.09,43.83,YARMOUTH A,8206496,2019-08-24,2019,8,24,,23.9,,12.3,,18.1,,0,,0.1,,,,,,,M,,,2,,39,
-66.09,43.83,YARMOUTH A,8206496,2019-08-25,2019,8,25,,23.2,,9.3,,16.3,,1.7,,0,,,,,,,M,,,,,,
-66.09,43.83,YARMOUTH A,8206496,2019-08-26,2019,8,26,,20.8,,12.1,,16.5,,1.5,,0,,,,,,,M,,,,,,
-66.09,43.83,YARMOUTH A,8206496,2019-08-27,2019,8,27,,18.9,,9.6,,14.3,,3.7,,0,,,,,,,M,,,,,,
-66.09,43.83,YARMOUTH A,8206496,2019-08-28,2019,8,28,,22.9,,11.3,,17.1,,0.9,,0,,,,,,,M,,,,,,
-66.09,43.83,YARMOUTH A,8206496,2019-08-29,2019,8,29,,22.4,,15,,18.7,,0,,0.7,,,,,,,M,,,20,,45,
-66.09,43.83,YARMOUTH A,8206496,2019-08-30,2019,8,30,,23.3,,15.1,,19.2,,0,,1.2,,,,,,,M,,,22,,33,
-66.09,43.83,YARMOUTH A,8206496,2019-08-31,2019,8,31,,21.6,,13.1,,17.4,,0.6,,0,,,,,,,M,,,,,,
-66.09,43.83,YARMOUTH A,8206496,2019-09-01,2019,9,1,,20.8,,8.9,,14.9,,3.1,,0,,,,,,,M,,,,,,
-66.09,43.83,YARMOUTH A,8206496,2019-09-02,2019,9,2,,23.7,,8.7,,16.2,,1.8,,0,,,,,,,M,,,18,,39,
-66.09,43.83,YARMOUTH A,8206496,2019-09-03,2019,9,3,,22.3,,13.6,,18,,0,,0,,,,,,,M,,,,,,
-66.09,43.83,YARMOUTH A,8206496,2019-09-04,2019,9,4,,19.2,,11.6,,15.4,,2.6,,0,,,,,,,M,,,22,,41,
-66.09,43.83,YARMOUTH A,8206496,2019-09-05,2019,9,5,,17.6,,10.7,,14.2,,3.8,,0,,,,,,,M,,,34,,36,
-66.09,43.83,YARMOUTH A,8206496,2019-09-06,2019,9,6,,21.2,,9.9,,15.6,,2.4,,0,,,,,,,M,,,,,,
-66.09,43.83,YARMOUTH A,8206496,2019-09-07,2019,9,7,,15.8,,9.1,,12.5,,5.5,,0,,,,,,,M,,,33,,98,
-66.09,43.83,YARMOUTH A,8206496,2019-09-08,2019,9,8,,14.8,,9.2,,12,,6,,0,,,,,,,M,,,,,,
-66.09,43.83,YARMOUTH A,8206496,2019-09-09,2019,9,9,,17.8,,8.8,,13.3,,4.7,,0,,,,,,,M,,,,,,
-66.09,43.83,YARMOUTH A,8206496,2019-09-10,2019,9,10,,19.7,,10.5,,15.1,,2.9,,0,,,,,,,M,,,,,,
-66.09,43.83,YARMOUTH A,8206496,2019-09-11,2019,9,11,,17.5,,13.6,,15.6,,2.4,,0,,,,,,,M,,,22,,37,
-66.09,43.83,YARMOUTH A,8206496,2019-09-12,2019,9,12,,16.7,,8.2,,12.5,,5.5,,0,,,,,,,M,,,,,,
-66.09,43.83,YARMOUTH A,8206496,2019-09-13,2019,9,13,,18.2,,7.7,,13,,5,,0,,,,,,,M,,,,,,
-66.09,43.83,YARMOUTH A,8206496,2019-09-14,2019,9,14,,18.6,,5.4,,12,,6,,0,,,,,,,M,,,20,,40,
-66.09,43.83,YARMOUTH A,8206496,2019-09-15,2019,9,15,,16.2,,11.7,,14,,4,,0,,,,,,,M,,,20,,36,
-66.09,43.83,YARMOUTH A,8206496,2019-09-16,2019,9,16,,15.8,,11,,13.4,,4.6,,0,,,,,,,M,,,,,,
-66.09,43.83,YARMOUTH A,8206496,2019-09-17,2019,9,17,,16.7,,5.6,,11.2,,6.8,,0,,,,,,,M,,,1,,33,
-66.09,43.83,YARMOUTH A,8206496,2019-09-18,2019,9,18,,16.1,,3.3,,9.7,,8.3,,0,,,,,,,M,,,36,,34,
-66.09,43.83,YARMOUTH A,8206496,2019-09-19,2019,9,19,,17.6,,2.8,,10.2,,7.8,,0,,,,,,,M,,,,,,
-66.09,43.83,YARMOUTH A,8206496,2019-09-20,2019,9,20,,17,,8.4,,12.7,,5.3,,0,,,,,,,M,,,30,,35,
-66.09,43.83,YARMOUTH A,8206496,2019-09-21,2019,9,21,,21.8,,8.4,,15.1,,2.9,,0,,,,,,,M,,,35,,33,
-66.09,43.83,YARMOUTH A,8206496,2019-09-22,2019,9,22,,21.1,,8.1,,14.6,,3.4,,0,,,,,,,M,,,22,,39,
-66.09,43.83,YARMOUTH A,8206496,2019-09-23,2019,9,23,,19.7,,15.2,,17.5,,0.5,,0,,,,,,,M,,,23,,46,
-66.09,43.83,YARMOUTH A,8206496,2019-09-24,2019,9,24,,17.9,,13.3,,15.6,,2.4,,0,,,,,,,M,,,21,,45,
-66.09,43.83,YARMOUTH A,8206496,2019-09-25,2019,9,25,,13.8,,8.3,,11.1,,6.9,,0,,,,,,,M,,,32,,34,
-66.09,43.83,YARMOUTH A,8206496,2019-09-26,2019,9,26,,19.3,,9.2,,14.3,,3.7,,0,,,,,,,M,,,22,,36,
-66.09,43.83,YARMOUTH A,8206496,2019-09-27,2019,9,27,,16.6,,9.7,,13.2,,4.8,,0,,,,,,,M,,,33,,35,
-66.09,43.83,YARMOUTH A,8206496,2019-09-28,2019,9,28,,18.8,,6.9,,12.9,,5.1,,0,,,,,,,M,,,23,,33,
-66.09,43.83,YARMOUTH A,8206496,2019-09-29,2019,9,29,,19.2,,5.2,,12.2,,5.8,,0,,,,,,,M,,,36,,46,
-66.09,43.83,YARMOUTH A,8206496,2019-09-30,2019,9,30,,13.4,,3.7,,8.6,,9.4,,0,,,,,,,M,,,32,,32,
-66.09,43.83,YARMOUTH A,8206496,2019-10-01,2019,10,1,,14.9,,5.7,,10.3,,7.7,,0,,,,,,,M,,,21,,39,
-66.09,43.83,YARMOUTH A,8206496,2019-10-02,2019,10,2,,15.8,,4.7,,10.3,,7.7,,0,,,,,,,M,,,35,,39,
-66.09,43.83,YARMOUTH A,8206496,2019-10-03,2019,10,3,,10.2,,3,,6.6,,11.4,,0,,,,,,,M,,,33,,33,
-66.09,43.83,YARMOUTH A,8206496,2019-10-04,2019,10,4,,13.1,,5.7,,9.4,,8.6,,0,,,,,,,M,,,35,,45,
-66.09,43.83,YARMOUTH A,8206496,2019-10-05,2019,10,5,,10.2,,5,,7.6,,10.4,,0,,,,,,,M,,,35,,40,
-66.09,43.83,YARMOUTH A,8206496,2019-10-06,2019,10,6,,15,,4.2,,9.6,,8.4,,0,,,,,,,M,,,20,,41,
-66.09,43.83,YARMOUTH A,8206496,2019-10-07,2019,10,7,,19.1,,13.9,,16.5,,1.5,,0,,,,,,,M,,,20,,45,
-66.09,43.83,YARMOUTH A,8206496,2019-10-08,2019,10,8,,15.1,,9.3,,12.2,,5.8,,0,,,,,,,M,,,,,,
-66.09,43.83,YARMOUTH A,8206496,2019-10-09,2019,10,9,,16.8,,9.2,,13,,5,,0,,,,,,,M,,,8,,39,
-66.09,43.83,YARMOUTH A,8206496,2019-10-10,2019,10,10,,,M,,M,,M,,M,,M,,,,,,M,,,,M,,M
-66.09,43.83,YARMOUTH A,8206496,2019-10-11,2019,10,11,,16.4,,10.3,,13.4,,4.6,,0,,,,,,,M,,,8,,64,
-66.09,43.83,YARMOUTH A,8206496,2019-10-12,2019,10,12,,16.3,,10.8,,13.6,,4.4,,0,,,,,,,M,,,9,,51,
-66.09,43.83,YARMOUTH A,8206496,2019-10-13,2019,10,13,,13.2,,8,,10.6,,7.4,,0,,,,,,,M,,,,,,
-66.09,43.83,YARMOUTH A,8206496,2019-10-14,2019,10,14,,14.6,,9.7,,12.2,,5.8,,0,,,,,,,M,,,,,,
-66.09,43.83,YARMOUTH A,8206496,2019-10-15,2019,10,15,,14.6,,5.9,,10.3,,7.7,,0,,,,,,,M,,,33,,32,
-66.09,43.83,YARMOUTH A,8206496,2019-10-16,2019,10,16,,15.4,,3.6,,9.5,,8.5,,0,,,,,,,M,,,13,,54,
-66.09,43.83,YARMOUTH A,8206496,2019-10-17,2019,10,17,,15.9,,9.7,,12.8,,5.2,,0,,,,,,,M,,,10,,84,
-66.09,43.83,YARMOUTH A,8206496,2019-10-18,2019,10,18,,11.1,,8.9,,10,,8,,0,,,,,,,M,,,25,,48,
-66.09,43.83,YARMOUTH A,8206496,2019-10-19,2019,10,19,,12,,5.3,,8.7,,9.3,,0,,,,,,,M,,,32,,43,
-66.09,43.83,YARMOUTH A,8206496,2019-10-20,2019,10,20,,12.4,,2.8,,7.6,,10.4,,0,,,,,,,M,,,,,,
-66.09,43.83,YARMOUTH A,8206496,2019-10-21,2019,10,21,,15.4,,5.5,,10.5,,7.5,,0,,,,,,,M,,,,,,
-66.09,43.83,YARMOUTH A,8206496,2019-10-22,2019,10,22,,15.7,,3.8,,9.8,,8.2,,0,,,,,,,M,,,9,,43,
-66.09,43.83,YARMOUTH A,8206496,2019-10-23,2019,10,23,,16,,10.9,,13.5,,4.5,,0,,,,,,,M,,,14,,67,
-66.09,43.83,YARMOUTH A,8206496,2019-10-24,2019,10,24,,14.6,,10.2,,12.4,,5.6,,0,,,,,,,M,,,28,,33,
-66.09,43.83,YARMOUTH A,8206496,2019-10-25,2019,10,25,,13,,7.8,,10.4,,7.6,,0,,,,,,,M,,,,,,
-66.09,43.83,YARMOUTH A,8206496,2019-10-26,2019,10,26,,10.9,,3.1,,7,,11,,0,,,,,,,M,,,,,,
-66.09,43.83,YARMOUTH A,8206496,2019-10-27,2019,10,27,,10.9,,-0.4,,5.3,,12.7,,0,,,,,,,M,,,11,,42,
-66.09,43.83,YARMOUTH A,8206496,2019-10-28,2019,10,28,,11.3,,2.4,,6.9,,11.1,,0,,,,,,,M,,,8,,41,
-66.09,43.83,YARMOUTH A,8206496,2019-10-29,2019,10,29,,12.2,,0.7,,6.5,,11.5,,0,,,,,,,M,,,,,,
-66.09,43.83,YARMOUTH A,8206496,2019-10-30,2019,10,30,,13.8,,9.9,,11.9,,6.1,,0,,,,,,,M,,,,,,
-66.09,43.83,YARMOUTH A,8206496,2019-10-31,2019,10,31,,15.8,,11.7,,13.8,,4.2,,0,,,,,,,M,,,19,,53,
-66.09,43.83,YARMOUTH A,8206496,2019-11-01,2019,11,1,,17.2,,6.3,,11.8,,6.2,,0,,,,,,,M,,,20,,60,
-66.09,43.83,YARMOUTH A,8206496,2019-11-02,2019,11,2,,8.8,,1.1,,5,,13,,0,,,,,,,M,,,,,,
-66.09,43.83,YARMOUTH A,8206496,2019-11-03,2019,11,3,,10.3,,3.8,,7.1,,10.9,,0,,,,,,,M,,,29,,41,
-66.09,43.83,YARMOUTH A,8206496,2019-11-04,2019,11,4,,10.4,,-0.2,,5.1,,12.9,,0,,,,,,,M,,,,,,
-66.09,43.83,YARMOUTH A,8206496,2019-11-05,2019,11,5,,13.7,,1.7,,7.7,,10.3,,0,,,,,,,M,,,17,,41,
-66.09,43.83,YARMOUTH A,8206496,2019-11-06,2019,11,6,,13.2,,1.7,,7.5,,10.5,,0,,,,,,,M,,,29,,48,
-66.09,43.83,YARMOUTH A,8206496,2019-11-07,2019,11,7,,12.1,,-0.6,,5.8,,12.2,,0,,,,,,,M,,,20,,41,
-66.09,43.83,YARMOUTH A,8206496,2019-11-08,2019,11,8,,5.8,,-2.2,,1.8,,16.2,,0,,,,,,,M,,,35,,59,
-66.09,43.83,YARMOUTH A,8206496,2019-11-09,2019,11,9,,4.6,,-2.5,,1.1,,16.9,,0,,,,,,,M,,,34,,46,
-66.09,43.83,YARMOUTH A,8206496,2019-11-10,2019,11,10,,10,,3.9,,7,,11,,0,,,,,,,M,,,24,,39,
-66.09,43.83,YARMOUTH A,8206496,2019-11-11,2019,11,11,,10.7,,5.2,,8,,10,,0,,,,,,,M,,,,,,
-66.09,43.83,YARMOUTH A,8206496,2019-11-12,2019,11,12,,15,,-1,,7,,11,,0,,,,,,,M,,,16,,44,
-66.09,43.83,YARMOUTH A,8206496,2019-11-13,2019,11,13,,-0.8,,-5.1,,-3,,21,,0,,,,,,,M,,,30,,50,
-66.09,43.83,YARMOUTH A,8206496,2019-11-14,2019,11,14,,5.8,,-4.7,,0.6,,17.4,,0,,,,,,,M,,,19,,32,
-66.09,43.83,YARMOUTH A,8206496,2019-11-15,2019,11,15,,11.1,,3,,7.1,,10.9,,0,,,,,,,M,,,22,,53,
-66.09,43.83,YARMOUTH A,8206496,2019-11-16,2019,11,16,,2.9,,-4.3,,-0.7,,18.7,,0,,,,,,,M,,,32,,59,
-66.09,43.83,YARMOUTH A,8206496,2019-11-17,2019,11,17,,2.5,,-6.8,,-2.2,,20.2,,0,,,,,,,M,,,,,,
-66.09,43.83,YARMOUTH A,8206496,2019-11-18,2019,11,18,,6.4,,0.4,,3.4,,14.6,,0,,,,,,,M,,,6,,54,
-66.09,43.83,YARMOUTH A,8206496,2019-11-19,2019,11,19,,7,,3.5,,5.3,,12.7,,0,,,,,,,M,,,,,,
-66.09,43.83,YARMOUTH A,8206496,2019-11-20,2019,11,20,,3.7,,2.3,,3,,15,,0,,,,,,,M,,,5,,33,
-66.09,43.83,YARMOUTH A,8206496,2019-11-21,2019,11,21,,5.3,,-0.4,,2.5,,15.5,,0,,,,,,,M,,,1,,37,
-66.09,43.83,YARMOUTH A,8206496,2019-11-22,2019,11,22,,10.4,,-0.9,,4.8,,13.2,,0,,,,,,,M,,,32,,55,
-66.09,43.83,YARMOUTH A,8206496,2019-11-23,2019,11,23,,4.9,,0.7,,2.8,,15.2,,0,,,,,,,M,,,31,,80,
-66.09,43.83,YARMOUTH A,8206496,2019-11-24,2019,11,24,,10.4,,2.5,,6.5,,11.5,,0,,,,,,,M,,,10,,52,
-66.09,43.83,YARMOUTH A,8206496,2019-11-25,2019,11,25,,9.3,,3.6,,6.5,,11.5,,0,,,,,,,M,,,30,,65,
-66.09,43.83,YARMOUTH A,8206496,2019-11-26,2019,11,26,,11,,4.8,,7.9,,10.1,,0,,,,,,,M,,,26,,35,
-66.09,43.83,YARMOUTH A,8206496,2019-11-27,2019,11,27,,9.7,,3.3,,6.5,,11.5,,0,,,,,,,M,,,9,,39,
-66.09,43.83,YARMOUTH A,8206496,2019-11-28,2019,11,28,,8.2,,2.7,,5.5,,12.5,,0,,,,,,,M,,,34,,58,
-66.09,43.83,YARMOUTH A,8206496,2019-11-29,2019,11,29,,3.4,,-3.3,,0.1,,17.9,,0,,,,,,,M,,,34,,63,
-66.09,43.83,YARMOUTH A,8206496,2019-11-30,2019,11,30,,-1,,-4,,-2.5,,20.5,,0,,,,,,,M,,,33,,61,
-66.09,43.83,YARMOUTH A,8206496,2019-12-01,2019,12,1,,0.5,,-5,,-2.3,,20.3,,0,,,,,,,M,,,32,,45,
-66.09,43.83,YARMOUTH A,8206496,2019-12-02,2019,12,2,,1.1,,-2.4,,-0.7,,18.7,,0,,,,,,,M,,,7,,47,
-66.09,43.83,YARMOUTH A,8206496,2019-12-03,2019,12,3,,7.8,,0.3,,4.1,,13.9,,0,,,,,,,M,,,7,,63,
-66.09,43.83,YARMOUTH A,8206496,2019-12-04,2019,12,4,,3.5,,-0.2,,1.7,,16.3,,0,,,,,,,M,,,31,,44,
-66.09,43.83,YARMOUTH A,8206496,2019-12-05,2019,12,5,,5.5,,0.4,,3,,15,,0,,,,,,,M,,,33,,35,
-66.09,43.83,YARMOUTH A,8206496,2019-12-06,2019,12,6,,2.5,,-2.2,,0.2,,17.8,,0,,,,,,,M,,,31,,42,
-66.09,43.83,YARMOUTH A,8206496,2019-12-07,2019,12,7,,-1.4,,-5.3,,-3.4,,21.4,,0,,,,,,,M,,,33,,32,
-66.09,43.83,YARMOUTH A,8206496,2019-12-08,2019,12,8,,4.2,,-4.6,,-0.2,,18.2,,0,,,,,,,M,,,22,,42,
-66.09,43.83,YARMOUTH A,8206496,2019-12-09,2019,12,9,,10.9,,4.1,,7.5,,10.5,,0,,,,,,,M,,,18,,65,
-66.09,43.83,YARMOUTH A,8206496,2019-12-10,2019,12,10,,12.4,,5.3,,8.9,,9.1,,0,,,,,,,M,,,20,,67,
-66.09,43.83,YARMOUTH A,8206496,2019-12-11,2019,12,11,,5.3,,-4.3,,0.5,,17.5,,0,,,,,,,M,,,33,,36,
-66.09,43.83,YARMOUTH A,8206496,2019-12-12,2019,12,12,,1.1,,-7.6,,-3.3,,21.3,,0,,,,,,,M,,,30,,53,
-66.09,43.83,YARMOUTH A,8206496,2019-12-13,2019,12,13,,5,,-6.4,,-0.7,,18.7,,0,,,,,,,M,,,16,,35,
-66.09,43.83,YARMOUTH A,8206496,2019-12-14,2019,12,14,,13.8,,4.9,,9.4,,8.6,,0,,,,,,,M,,,18,,53,
-66.09,43.83,YARMOUTH A,8206496,2019-12-15,2019,12,15,,11.8,,0.5,,6.2,,11.8,,0,,,,,,,M,,,29,,73,
-66.09,43.83,YARMOUTH A,8206496,2019-12-16,2019,12,16,,0.6,,-3.3,,-1.4,,19.4,,0,,,,,,,M,,,29,,66,
-66.09,43.83,YARMOUTH A,8206496,2019-12-17,2019,12,17,,0.5,,-3.4,,-1.5,,19.5,,0,,,,,,,M,,,,,,
-66.09,43.83,YARMOUTH A,8206496,2019-12-18,2019,12,18,,-1.2,,-6.1,,-3.7,,21.7,,0,,,,,,,M,,,,,,
-66.09,43.83,YARMOUTH A,8206496,2019-12-19,2019,12,19,,-4.2,,-9.3,,-6.8,,24.8,,0,,,,,,,M,,,31,,55,
-66.09,43.83,YARMOUTH A,8206496,2019-12-20,2019,12,20,,0,,-8.3,,-4.2,,22.2,,0,,,,,,,M,,,31,,46,
-66.09,43.83,YARMOUTH A,8206496,2019-12-21,2019,12,21,,0.4,,-5.9,,-2.8,,20.8,,0,,,,,,,M,,,,,,
-66.09,43.83,YARMOUTH A,8206496,2019-12-22,2019,12,22,,5.9,,-6.5,,-0.3,,18.3,,0,,,,,,,M,,,24,,36,
-66.09,43.83,YARMOUTH A,8206496,2019-12-23,2019,12,23,,7.2,,0.7,,4,,14,,0,,,,,,,M,,,32,,45,
-66.09,43.83,YARMOUTH A,8206496,2019-12-24,2019,12,24,,5.3,,-2.8,,1.3,,16.7,,0,,,,,,,M,,,33,,54,
-66.09,43.83,YARMOUTH A,8206496,2019-12-25,2019,12,25,,0.4,,-4.9,,-2.3,,20.3,,0,,,,,,,M,,,,,,
-66.09,43.83,YARMOUTH A,8206496,2019-12-26,2019,12,26,,-1.9,,-8.3,,-5.1,,23.1,,0,,,,,,,M,,,35,,34,
-66.09,43.83,YARMOUTH A,8206496,2019-12-27,2019,12,27,,7.5,,-8.9,,-0.7,,18.7,,0,,,,,,,M,,,26,,36,
-66.09,43.83,YARMOUTH A,8206496,2019-12-28,2019,12,28,,7,,2.5,,4.8,,13.2,,0,,,,,,,M,,,31,,44,
-66.09,43.83,YARMOUTH A,8206496,2019-12-29,2019,12,29,,2.7,,-1.2,,0.8,,17.2,,0,,,,,,,M,,,36,,55,
-66.09,43.83,YARMOUTH A,8206496,2019-12-30,2019,12,30,,0.4,,-3.1,,-1.4,,19.4,,0,,,,,,,M,,,9,,45,
-66.09,43.83,YARMOUTH A,8206496,2019-12-31,2019,12,31,,7.4,,0.3,,3.9,,14.1,,0,,,,,,,M,,,11,,59,
